model,acc,prec,rec,f1,roc_auc
RandomForest,0.9574468085106383,0.9388489208633094,0.9525547445255474,0.9456521739130435,0.9912357952139821
