model,acc,prec,rec,f1,roc_auc
MLP,0.851063829787234,0.9720670391061452,0.635036496350365,0.7682119205298014,0.9198265788270361
