model,acc,prec,rec,f1,roc_auc
DSAE,0.9092198581560283,0.9411764705882353,0.8175182481751825,0.875,0.9506494826155437
